-- phpMyAdmin SQL Dump
-- version 5.1.1
-- https://www.phpmyadmin.net/
--
-- Hôte : 127.0.0.1:3306
-- Généré le : mer. 09 nov. 2022 à 11:11
-- Version du serveur : 5.7.36
-- Version de PHP : 7.4.26

SET SQL_MODE = "NO_AUTO_VALUE_ON_ZERO";
START TRANSACTION;
SET time_zone = "+00:00";


/*!40101 SET @OLD_CHARACTER_SET_CLIENT=@@CHARACTER_SET_CLIENT */;
/*!40101 SET @OLD_CHARACTER_SET_RESULTS=@@CHARACTER_SET_RESULTS */;
/*!40101 SET @OLD_COLLATION_CONNECTION=@@COLLATION_CONNECTION */;
/*!40101 SET NAMES utf8mb4 */;

--
-- Base de données : `jobsql`
--

-- --------------------------------------------------------

--
-- Structure de la table `etage`
--

DROP TABLE IF EXISTS `etage`;
CREATE TABLE IF NOT EXISTS `etage` (
  `id` int(11) NOT NULL AUTO_INCREMENT,
  `nom` varchar(255) NOT NULL,
  `numero` int(11) NOT NULL,
  `superficie` int(11) NOT NULL,
  PRIMARY KEY (`id`)
) ENGINE=MyISAM AUTO_INCREMENT=4 DEFAULT CHARSET=utf8;

--
-- Déchargement des données de la table `etage`
--

INSERT INTO `etage` (`id`, `nom`, `numero`, `superficie`) VALUES
(1, 'RDC', 0, 500),
(2, 'R+1', 1, 500),
(3, 'R+2', 2, 500);

-- --------------------------------------------------------

--
-- Structure de la table `etudiants`
--

DROP TABLE IF EXISTS `etudiants`;
CREATE TABLE IF NOT EXISTS `etudiants` (
  `id` int(11) NOT NULL AUTO_INCREMENT,
  `prenom` varchar(255) NOT NULL,
  `nom` varchar(255) NOT NULL,
  `naissance` date NOT NULL,
  `sexe` varchar(25) NOT NULL,
  `email` varchar(255) NOT NULL,
  PRIMARY KEY (`id`)
) ENGINE=MyISAM AUTO_INCREMENT=8 DEFAULT CHARSET=utf8;

--
-- Déchargement des données de la table `etudiants`
--

INSERT INTO `etudiants` (`id`, `prenom`, `nom`, `naissance`, `sexe`, `email`) VALUES
(1, 'Cyril', 'Zimmermann', '1989-01-02', 'Homme', 'cyril@laplateforme.io'),
(2, 'Jessica', 'Soriano', '1995-09-08', 'Femme', 'jessica@laplateforme.io'),
(3, 'Roxan', 'Roumégas', '2016-09-08', 'Homme', 'roxan@laplateforme.io'),
(4, 'Pascal', 'Assens', '1999-12-31', 'Homme', 'pascal@laplateforme.io'),
(5, 'Terry', 'Cristinelli', '2005-02-01', 'Homme', 'terry@laplateforme.io'),
(6, 'Ruben', 'Habib', '1993-05-26', 'Homme', 'ruben@laplateforme.io'),
(7, 'Toto', 'Dupont', '2019-11-07', 'Homme', 'toto@laplateforme.io');

-- --------------------------------------------------------

--
-- Structure de la table `salles`
--

DROP TABLE IF EXISTS `salles`;
CREATE TABLE IF NOT EXISTS `salles` (
  `id` int(11) NOT NULL AUTO_INCREMENT,
  `nom` varchar(255) NOT NULL,
  `id_etage` int(11) NOT NULL,
  `capacite` int(11) NOT NULL,
  PRIMARY KEY (`id`)
) ENGINE=MyISAM AUTO_INCREMENT=15 DEFAULT CHARSET=utf8;

--
-- Déchargement des données de la table `salles`
--

INSERT INTO `salles` (`id`, `nom`, `id_etage`, `capacite`) VALUES
(1, 'Lounge', 1, 100),
(2, 'Studio Son', 1, 5),
(3, 'Projection', 2, 50),
(4, 'Bocal Peda', 2, 3),
(5, 'Coworking', 2, 80),
(6, 'Studio Video', 2, 5),
(7, 'C++', 3, 8),
(8, 'C', 3, 6),
(9, 'Big Black Room', 3, 80),
(10, 'New Double', 3, 25),
(11, 'Double', 3, 25),
(12, 'Wesh Grow', 3, 1),
(13, 'Front room', 3, 20),
(14, 'Back room', 3, 20);
COMMIT;

/*!40101 SET CHARACTER_SET_CLIENT=@OLD_CHARACTER_SET_CLIENT */;
/*!40101 SET CHARACTER_SET_RESULTS=@OLD_CHARACTER_SET_RESULTS */;
/*!40101 SET COLLATION_CONNECTION=@OLD_COLLATION_CONNECTION */;
